{"cameraMode":{"drawMode":0,"name":"Shaded","section":"Shading Mode"},"sceneLighting":true,"audioPlay":false,"sceneViewState":{"m_AlwaysRefresh":false,"showFog":true,"showSkybox":true,"showFlares":true,"showImageEffects":true,"showParticleSystems":true,"showVisualEffectGraphs":true,"m_FxEnabled":true},"in2DMode":false,"pivot":{"x":404.0409240722656,"y":164.4361572265625,"z":47.6947021484375},"rotation":{"x":-0.22339828312397004,"y":-0.008190026506781578,"z":0.0018777255900204182,"w":-0.9746841788291931},"size":414.8543701171875,"orthographic":false}